Height,Weight
73.84701702,241.8935632
68.78190405,162.3104725
74.11010539,212.7408556
71.7309784,220.0424703
69.88179586,206.3498006
67.25301569,152.2121558
68.78508125,183.9278886
68.34851551,167.9711105
67.01894966,175.9294404
