Height,Weight
73.84701702,241.8935632
68.78190405,162.3104725
74.11010539,212.7408556
71.7309784,220.0424703
69.88179586,206.3498006
67.25301569,152.2121558
68.78508125,183.9278886
68.34851551,167.9711105
67.01894966,175.9294404
63.45649398,156.3996764
71.19538228,186.6049256
71.64080512,213.7411695
64.76632913,167.1274611
69.2830701,189.4461814
69.24373223,186.434168
67.6456197,172.1869301
72.41831663,196.0285063
63.97432572,172.8834702
